name,group,diamond,live_time_sec,battle_ratio,growth_ratio
ミオ,A：40000ダイヤ,601737,166853,0.5602214921,0.4639130669
あおい❄️🥂,B：10000ダイヤ,493935,414627,0.7399192201,0.9083511257
🍓まろん@美容整体師🌸,B：10000ダイヤ,484563,197066,0.9054096165,1.029688137
ryu🥊🐉,B：10000ダイヤ,376238,159226,0.8465359693,2.281156591
maron,B：10000ダイヤ,250998,234542,0.9761870613,1.099157014
れなれな🐟🐟,B：10000ダイヤ,117980,245847,0.8261569758,1.253639358
🐉りーぬちゃん🐹🌻,B：10000ダイヤ,116051,101412,0.6033726551,0.6135622254
えり🦋,B：10000ダイヤ,101622,65902,0.2544330952,6.833109198
ちゃんり🍭💄,B：10000ダイヤ,38984,143460,0.01977734455,0.2115269835
🌙夜更けの無駄部屋🍒,B：10000ダイヤ,14671,81896,0.01220094063,0.04815026322
ノアの方舟🐈‍⬛⚓️,C：3000ダイヤ,137471,229441,0.7148998698,2.187321994
紫乃🐈‍⬛💜,C：3000ダイヤ,90380,110374,0.3885483514,4.928294891
全肯定みっちゃん.ᐟ.ᐟ,C：3000ダイヤ,63269,435884,0.3387440927,0.5182203147
ぐでち。🍳,C：3000ダイヤ,47465,261614,0.6282734647,0.3301867104
ゆあ,C：3000ダイヤ,23249,129779,0.3127876468,0.6884512881
さく🌸,C：3000ダイヤ,14444,75076,0.0,0.2636295607
めいめい,C：3000ダイヤ,6851,16262,0.4752590863,0.5903998621
だいたい明るいさき,C：3000ダイヤ,1320,18224,0.0,4.342105263
アイカちゃん🐶💜,C：3000ダイヤ,0,0,,0.0
🐹ぷい🐹,C：3000ダイヤ,0,0,,0.0
雲雀丘モガ,D：1000ダイヤ,44294,199329,0.5806204001,77.98239437
ぼんじり,D：1000ダイヤ,22619,121024,0.2772005836,35.17729393
ばんちょ,D：1000ダイヤ,22453,108271,0.0,14.37451985
しらすとごはん！ASMR,D：1000ダイヤ,7884,47537,0.01927955353,716.7272727
よーぐると,D：1000ダイヤ,5919,33145,0.07383003886,0.6463907393
菜穂,D：1000ダイヤ,3833,117507,0.01434907383,0.2115809229
⚔️アスナ⚔️,D：1000ダイヤ,2308,7040,0.0,1.986230637
しおり(*´○`)o¶♪🎤🍯,D：1000ダイヤ,329,17069,0.0,
__tomocha,D：1000ダイヤ,0,0,,0.0
お砂糖ちゃん🍬🍭🪉,D：1000ダイヤ,0,0,,
✋うてちゃん✋右手愛美✋,D：1000ダイヤ,0,0,,
るぅ,D：1000ダイヤ,0,0,,0.0
♡ERICHAN♡,D：500ダイヤ,11741,183624,0.0,
結,D：500ダイヤ,3623,53244,0.0,0.4112839142
aoba.sera,D：500ダイヤ,2343,39662,0.02688860435,2.317507418
りさまるこ,D：500ダイヤ,1442,61819,0.0,3.284738041
HAL,D：500ダイヤ,972,18850,0.0,
ちったん🐰,D：500ダイヤ,709,23469,0.0,12.01694915
キリカ🪽🫧,D：500ダイヤ,438,5650,0.0,3.842105263
AIKS(アイクス）,D：500ダイヤ,22,4030,0.0,0.009756097561
びあちゃん🍺💖,D：500ダイヤ,0,0,,
haienagogor,,1159,157385,0.0,0.7045592705
mami,,1100,34980,0.0,10.28037383
ぴな🌱🕊️,,724,14367,0.0,
猫好きもっちゃん🐈🩷,,616,21239,0.03084415584,
yue,,611,41770,0.0,1.205128205
喜音〜Kion〜,,397,45804,0.0,0.8783185841
福 紀心／gem's company,,353,71719,0.0,
minato23saku,,326,23959,0.0,1.63
larry.wanwan0304,,259,56285,0.0,6.023255814
みこ,,251,10816,0.0,0.8838028169
すいねだっちっち〜,,242,23720,0.0,
んぎ。,,215,5876,0.0,3.981481481
一級建築士　勉強垢　朧,,207,199055,0.0,0.2294900222
柚李,,159,13624,0.0,
まり🍶🌶️,,151,75138,0.0,0.9320987654
綾羽アキ,,146,39294,0.0,
Lisa,,140,17946,0.9142857143,
すら,,112,10404,0.0,1.302325581
花咲ソユリハ,,73,2891,0.0,0.08013172338
あきなさんち,,58,30789,0.0,4.142857143
maaya,,57,1871,0.0,0.4285714286
紫月（Shizuki）,,33,25018,0.0,
まいか,,25,13107,0.0,4.166666667
ヤンデレちゃん★,,20,19115,0.0,0.1923076923
まこ,,16,6580,0.0,
美海,,10,13583,0.0,
nunu,,6,2779,0.0,
保健室のmami先生,,4,1938,0.0,0.01428571429
ａｉｃｈａｎ🐻🍯,,2,3704,0.0,0.01379310345
akarin.200614,,2,595,0.0,
koji,,1,2902,0.0,
YUA,,1,1319,0.0,0.2
mochi.daisuki_9,,0,0,,
つばめ,,0,0,,
ひょー,,0,0,,
くすのきここあ☕️,,0,302,,
モエノミクス,,0,0,,
Suzuki-Store,,0,391,,
babymaam,,0,0,,
つむぎ,,0,0,,0.0
hemi26hemi,,0,703,,0.0
あすちか🍊🔮,,0,0,,0.0
しぃ,,0,0,,
おさき,,0,0,,0.0
まーちゃん,,0,0,,0.0
ひな太郎,,0,0,,0.0
Chisako,,0,0,,0.0
野生のちーぽん👀🍃,,0,0,,
Yukie(happyシンママLIFE),,0,0,,
あいあい🧡,,0,0,,
めいめい/本気のゆるダイエット,,0,0,,0.0
ASUKA,,0,0,,0.0
天宮寺にゃわ🪿,,0,0,,
まいまい,,0,0,,
Kコ,,0,0,,
りんご🍎,,0,0,,
🐣,,0,0,,0.0
どす恋ｨちゃん,,0,0,,
MIHO,,0,0,,
ほほい,,0,0,,
moni,,0,0,,0.0
serina,,0,0,,
泉川恵美◇えみ太💋🍻,,0,0,,
低身長ガール🐯💕 ,,0,0,,
あきらちゃん🫧,,0,0,,
saon/紗音,,0,0,,
りょうちぇる,,0,0,,
くじら🐋,,0,0,,
智善子(ちよこ),,0,0,,
SNK代表,,0,1694,,
ponponponz11,,0,0,,
加藤愛梨 Airi Kato,,0,0,,
くぼまほ👩‍🏫,,0,0,,
🏖うみかん🍊,,0,0,,0.0
lapi11,,0,0,,
petitlien_sachi,,0,0,,
nakanonanaho,,0,0,,
Yuuki,,0,0,,
ゆっこママ👶2歳0歳,,0,0,,
まあ🍵👘,,0,0,,0.0
ましろの秘密基地,,0,0,,
ねぎちゃん,,0,0,,
エリー@先生になった人,,0,6005,,0.0
Mitsuki,,0,0,,
部屋着まま / なぁ,,0,0,,
きいちゃん,,0,0,,
星名美緒,,0,0,,
momuchang,,0,0,,
a,,0,0,,
まの,,0,0,,
庵ゆたん,,0,0,,
とろける湯〜奈🫕,,0,0,,
なっきー,,0,0,,
羽馬りんか,,0,0,,0.0
Ruru,,0,0,,
ayakapin,,0,0,,
suzuulive,,0,0,,
さみちゃん,,0,0,,
貧脚お姉さんのあみ🚲🚴🏻‍♀️,,0,0,,
フェムケアゆうみ,,0,0,,
さなまる🐰,,0,0,,
mimi.piccoloflute,,0,0,,
くるくる@一児のﾏﾏ,,0,0,,
tsuintawar0730,,0,0,,
ayaka🥨,,0,0,,
ゆうぴ♡,,0,0,,
まう,,0,0,,
ちりん,,0,0,,
吉屋ゆり27歳,,0,0,,
misapin1027,,0,0,,
綺麗ちゃん,,0,0,,
こなっちゃん,,0,0,,
まい,,0,0,,
あおちゃん,,0,0,,
にゃん,,0,0,,
夜風(よかぜ)🔮🐈‍⬛🌻占い師,,0,0,,
低脂質cooking はる,,0,0,,
勝たんしかまいまい,,0,0,,
トモ,,0,0,,
ちきたん( ˙◊˙ ),,0,0,,0.0
まなぴ,,0,0,,
まる♪3/26〜不定期配信,,0,0,,
ジェラピケの女,,0,0,,
ゆいまーる💛,,0,0,,
ころ,,0,0,,
aiaiai_36,,0,0,,0.0
💄ゆあ🍰🐈,,0,0,,
rio_talk_time,,0,0,,
Ayu1児のママ,,0,0,,
kawa,,0,0,,
あっこ,,0,0,,
心,,0,0,,
hana,,0,0,,
怠惰猫☆,,0,0,,
Lunamosu(ルナモス)🌙* :ﾟ,,0,0,,
池池(いけいけ)推され界隈,,0,0,,
みぽまる,,0,0,,
ことは｜まったりお話🌙,,0,0,,
ひかまるこ,,0,0,,
ゆきめろ,,0,0,,
shoko__reallife,,0,0,,
Akya_Artworks,,0,0,,
